tag1,tag2,gainLayerDepletionVoltage,fullDepletionVoltage
allData,,47.35573259964785,51.6560573436272
ascending,ascending,47.35573259964785,51.6560573436272
